agency_carrier_id,agency_id,agency_name,carrier_id,carrier_name,mapping_label
4d1c4945-8662-447d-a7d0-0cdffc597b46,9aac0de2-2486-4d60-afe1-08d70be0dd3d,Heritage Insurance,a1987afa-3ef8-4a63-be78-40eda31bb719,Aetna,Heritage Insurance -> Aetna
2ebe8a86-7b64-4c2d-8ff5-8d87b165ea6c,9aac0de2-2486-4d60-afe1-08d70be0dd3d,Heritage Insurance,6e8e2e7a-918f-4723-866c-78cf9c8dffd4,Aflac,Heritage Insurance -> Aflac
9eff29a9-02af-4c6a-b853-08dd4f522b48,9aac0de2-2486-4d60-afe1-08d70be0dd3d,Heritage Insurance,e77f1850-5e04-4bed-9ef2-9c8e7b9478f6,AHL,Heritage Insurance -> AHL
a30e9302-b48d-4f10-8975-05b361b787cf,9aac0de2-2486-4d60-afe1-08d70be0dd3d,Heritage Insurance,9f8ad227-d0c3-4c41-83ef-22c8e8b24f1c,AMAM (American Amicable),Heritage Insurance -> AMAM (American Amicable)
4871b7b9-208c-4b8f-9e54-73f9bd410009,9aac0de2-2486-4d60-afe1-08d70be0dd3d,Heritage Insurance,6e62966c-4a06-41ea-a6dd-d5b371c1e68a,Americo,Heritage Insurance -> Americo
c7cff4cc-0017-4e31-9833-9779ca8b48a6,9aac0de2-2486-4d60-afe1-08d70be0dd3d,Heritage Insurance,6118502a-41bd-482b-b305-e13a97c550c9,CHUB,Heritage Insurance -> CHUB
5263f10c-acb2-475d-adc1-e01d1c82ec52,9aac0de2-2486-4d60-afe1-08d70be0dd3d,Heritage Insurance,7204fe66-d5ba-44f3-b1df-436a1e23f1a9,CICA,Heritage Insurance -> CICA
f992da46-e170-4ca6-bd77-175b4b57bd05,9aac0de2-2486-4d60-afe1-08d70be0dd3d,Heritage Insurance,0bed10d2-2ec2-4f51-b6a5-04f2f2a1b77b,CoreBridge,Heritage Insurance -> CoreBridge
45b9706a-4d9d-4e07-976e-fcbd56faa6c5,9aac0de2-2486-4d60-afe1-08d70be0dd3d,Heritage Insurance,8e708498-8968-42d3-9ce0-29b2be2caa65,GTL,Heritage Insurance -> GTL
eff43238-74e0-41a1-9608-697123e4cfbb,9aac0de2-2486-4d60-afe1-08d70be0dd3d,Heritage Insurance,7f77770c-6f90-4adc-8bf5-a2496d75d4b6,Liberty,Heritage Insurance -> Liberty
da0b4143-94ec-4eb8-bcd4-f8fb68728616,9aac0de2-2486-4d60-afe1-08d70be0dd3d,Heritage Insurance,150e7f3c-1aa2-4031-867c-306a0a776aac,Mutual of Omaha,Heritage Insurance -> Mutual of Omaha
dc5e8687-527e-4e24-ae72-243d9ddd246f,9aac0de2-2486-4d60-afe1-08d70be0dd3d,Heritage Insurance,daed9dd6-ad3d-4377-9a99-1ed8ed84923f,Royal Neighbors of America,Heritage Insurance -> Royal Neighbors of America
33763b28-75dc-4f05-8daf-cb248a0981c6,9aac0de2-2486-4d60-afe1-08d70be0dd3d,Heritage Insurance,b32ded11-eae1-4f25-9d96-81d074b8e9e1,SBLI,Heritage Insurance -> SBLI
23c25170-cebf-405e-8cf7-48b73df95af8,9aac0de2-2486-4d60-afe1-08d70be0dd3d,Heritage Insurance,3d126541-1391-44ff-a6b9-2573c3f4860c,Sentinel,Heritage Insurance -> Sentinel
183ac971-a7a2-431c-8b14-8d2a6412e8ed,9aac0de2-2486-4d60-afe1-08d70be0dd3d,Heritage Insurance,78cb3eff-4f31-48a3-8bb3-3c40450c33a4,Transamerica,Heritage Insurance -> Transamerica
d30e5f5a-4909-469a-b62f-53f2b5f0a319,a13656c6-045c-4d6f-bac6-ebc596c9e27a,Safe Harbor Insurance,a1987afa-3ef8-4a63-be78-40eda31bb719,Aetna,Safe Harbor Insurance -> Aetna
880b330d-a88e-4d04-9d51-ca8d9ba431c0,a13656c6-045c-4d6f-bac6-ebc596c9e27a,Safe Harbor Insurance,6e8e2e7a-918f-4723-866c-78cf9c8dffd4,Aflac,Safe Harbor Insurance -> Aflac
9466ea30-baa8-4532-9b6f-68d81486128e,a13656c6-045c-4d6f-bac6-ebc596c9e27a,Safe Harbor Insurance,e77f1850-5e04-4bed-9ef2-9c8e7b9478f6,AHL,Safe Harbor Insurance -> AHL
29e62be7-1675-4576-a6b5-45ff6f3d4a2b,a13656c6-045c-4d6f-bac6-ebc596c9e27a,Safe Harbor Insurance,9f8ad227-d0c3-4c41-83ef-22c8e8b24f1c,AMAM (American Amicable),Safe Harbor Insurance -> AMAM (American Amicable)
c2b9843d-daad-49fa-af57-ce5e6637bac8,a13656c6-045c-4d6f-bac6-ebc596c9e27a,Safe Harbor Insurance,6e62966c-4a06-41ea-a6dd-d5b371c1e68a,Americo,Safe Harbor Insurance -> Americo
56e54cc6-d829-432d-a400-f5dbbfb65362,a13656c6-045c-4d6f-bac6-ebc596c9e27a,Safe Harbor Insurance,6118502a-41bd-482b-b305-e13a97c550c9,CHUB,Safe Harbor Insurance -> CHUB
ac728783-b80f-46fe-a0db-852c1632f0e7,a13656c6-045c-4d6f-bac6-ebc596c9e27a,Safe Harbor Insurance,7204fe66-d5ba-44f3-b1df-436a1e23f1a9,CICA,Safe Harbor Insurance -> CICA
158ab0d4-86a1-451c-8ead-c2a6f2009e24,a13656c6-045c-4d6f-bac6-ebc596c9e27a,Safe Harbor Insurance,0bed10d2-2ec2-4f51-b6a5-04f2f2a1b77b,CoreBridge,Safe Harbor Insurance -> CoreBridge
033c7a7b-a6fd-4022-b23b-9b197b028b80,a13656c6-045c-4d6f-bac6-ebc596c9e27a,Safe Harbor Insurance,8e708498-8968-42d3-9ce0-29b2be2caa65,GTL,Safe Harbor Insurance -> GTL
89c9ce5b-7e31-46db-b1fc-ea9d7ccfb585,a13656c6-045c-4d6f-bac6-ebc596c9e27a,Safe Harbor Insurance,7f77770c-6f90-4adc-8bf5-a2496d75d4b6,Liberty,Safe Harbor Insurance -> Liberty
9d626a50-fbea-492b-ad3c-6eeb79d18b1e,a13656c6-045c-4d6f-bac6-ebc596c9e27a,Safe Harbor Insurance,150e7f3c-1aa2-4031-867c-306a0a776aac,Mutual of Omaha,Safe Harbor Insurance -> Mutual of Omaha
2da1aa22-bc30-421d-85f4-3fad089df9b0,a13656c6-045c-4d6f-bac6-ebc596c9e27a,Safe Harbor Insurance,daed9dd6-ad3d-4377-9a99-1ed8ed84923f,Royal Neighbors of America,Safe Harbor Insurance -> Royal Neighbors of America
f564c6ef-3d04-484f-913f-5c8e00ad70e7,a13656c6-045c-4d6f-bac6-ebc596c9e27a,Safe Harbor Insurance,b32ded11-eae1-4f25-9d96-81d074b8e9e1,SBLI,Safe Harbor Insurance -> SBLI
9e4338ac-0249-44b4-b14c-b28f2d015622,a13656c6-045c-4d6f-bac6-ebc596c9e27a,Safe Harbor Insurance,3d126541-1391-44ff-a6b9-2573c3f4860c,Sentinel,Safe Harbor Insurance -> Sentinel
cf40dcfb-aafb-4bf0-8749-024b9746358d,a13656c6-045c-4d6f-bac6-ebc596c9e27a,Safe Harbor Insurance,78cb3eff-4f31-48a3-8bb3-3c40450c33a4,Transamerica,Safe Harbor Insurance -> Transamerica
a3ad287f-f750-4ae8-a081-a9e64a0f1c96,589824d7-dfa8-4130-8bb0-6841717868c5,Unlimited Insurance,a1987afa-3ef8-4a63-be78-40eda31bb719,Aetna,Unlimited Insurance -> Aetna
0fdbe262-a0f0-4a3d-aad2-4c24954fed49,589824d7-dfa8-4130-8bb0-6841717868c5,Unlimited Insurance,6e8e2e7a-918f-4723-866c-78cf9c8dffd4,Aflac,Unlimited Insurance -> Aflac
98771060-e573-4cd6-9f4f-aaa14a3faee4,589824d7-dfa8-4130-8bb0-6841717868c5,Unlimited Insurance,e77f1850-5e04-4bed-9ef2-9c8e7b9478f6,AHL,Unlimited Insurance -> AHL
92a6d7ee-07bc-4dfe-87db-0c0a05e2d995,589824d7-dfa8-4130-8bb0-6841717868c5,Unlimited Insurance,9f8ad227-d0c3-4c41-83ef-22c8e8b24f1c,AMAM (American Amicable),Unlimited Insurance -> AMAM (American Amicable)
f0c70f4a-d532-488b-877c-8af02574d7ee,589824d7-dfa8-4130-8bb0-6841717868c5,Unlimited Insurance,6e62966c-4a06-41ea-a6dd-d5b371c1e68a,Americo,Unlimited Insurance -> Americo
e09a59f7-f3ab-4d1a-ad36-5d7b7e808d57,589824d7-dfa8-4130-8bb0-6841717868c5,Unlimited Insurance,6118502a-41bd-482b-b305-e13a97c550c9,CHUB,Unlimited Insurance -> CHUB
6da13183-3c53-4718-b585-9e3b5d73be14,589824d7-dfa8-4130-8bb0-6841717868c5,Unlimited Insurance,7204fe66-d5ba-44f3-b1df-436a1e23f1a9,CICA,Unlimited Insurance -> CICA
3b9cd047-3a3a-429a-a50b-34c6ce2fe6b9,589824d7-dfa8-4130-8bb0-6841717868c5,Unlimited Insurance,0bed10d2-2ec2-4f51-b6a5-04f2f2a1b77b,CoreBridge,Unlimited Insurance -> CoreBridge
9a2a4b2d-51e3-4ae2-89d9-1156fd8ece89,589824d7-dfa8-4130-8bb0-6841717868c5,Unlimited Insurance,8e708498-8968-42d3-9ce0-29b2be2caa65,GTL,Unlimited Insurance -> GTL
024c62a2-5803-467f-a693-6eca9481ef0d,589824d7-dfa8-4130-8bb0-6841717868c5,Unlimited Insurance,7f77770c-6f90-4adc-8bf5-a2496d75d4b6,Liberty,Unlimited Insurance -> Liberty
9deab54c-108e-4116-b194-bd0f563ed18b,589824d7-dfa8-4130-8bb0-6841717868c5,Unlimited Insurance,150e7f3c-1aa2-4031-867c-306a0a776aac,Mutual of Omaha,Unlimited Insurance -> Mutual of Omaha
6fa2d13e-6117-4a66-9a50-348df2b4ba53,589824d7-dfa8-4130-8bb0-6841717868c5,Unlimited Insurance,daed9dd6-ad3d-4377-9a99-1ed8ed84923f,Royal Neighbors of America,Unlimited Insurance -> Royal Neighbors of America
d06c1366-77e7-4be9-bc5f-ee3ebf6fbd9c,589824d7-dfa8-4130-8bb0-6841717868c5,Unlimited Insurance,b32ded11-eae1-4f25-9d96-81d074b8e9e1,SBLI,Unlimited Insurance -> SBLI
0dd36e38-abb2-4863-8871-c1d4bd75ab22,589824d7-dfa8-4130-8bb0-6841717868c5,Unlimited Insurance,3d126541-1391-44ff-a6b9-2573c3f4860c,Sentinel,Unlimited Insurance -> Sentinel
e854df21-4958-41b7-b662-c8ab1f1a7f47,589824d7-dfa8-4130-8bb0-6841717868c5,Unlimited Insurance,78cb3eff-4f31-48a3-8bb3-3c40450c33a4,Transamerica,Unlimited Insurance -> Transamerica